{"timestamps": [1481908613.678133, 1481908613.747738, 1481908613.750437, 1481908613.753055, 1481908613.837047, 1481908613.842511, 1481908613.845479, 1481908613.847954, 1481908613.850568, 1481908613.853572, 1481908613.856067, 1481908613.858521, 1481908613.862632, 1481908616.617764, 1481908616.687723, 1481908616.690404, 1481908616.695008, 1481908616.699291, 1481908616.701967, 1481908616.704613, 1481908616.707234, 1481908616.713544, 1481908616.719493, 1481908616.72391, 1481908616.729555, 1481908616.734221, 1481908616.738836, 1481908616.743348, 1481908616.746075, 1481908616.748716, 1481908616.752195, 1481908616.755688, 1481908616.84247, 1481908616.845185, 1481908616.848995, 1481908616.852282, 1481908616.854772, 1481908616.857189, 1481908616.860121, 1481908616.86347, 1481908616.865949, 1481908616.868381, 1481908616.870902, 1481908616.873366, 1481908616.877512, 1481908616.881734, 1481908616.884246, 1481908616.886685, 1481908616.889137, 1481908616.8917, 1481908616.894132, 1481908616.896692, 1481908616.899132, 1481908616.90182, 1481908616.904278, 1481908616.906738, 1481908616.909154, 1481908616.911862, 1481908616.914348, 1481908616.916827, 1481908616.919285, 1481908616.921731, 1481908619.491133, 1481908619.555271, 1481908619.560151, 1481908619.56504, 1481908619.568531, 1481908619.571056, 1481908619.57349, 1481908619.57599, 1481908619.578421, 1481908619.580859, 1481908619.58335, 1481908619.585823, 1481908619.588248, 1481908619.590665, 1481908619.593358, 1481908619.595884, 1481908619.598498, 1481908619.602288, 1481908619.605837, 1481908619.608814, 1481908619.611541, 1481908619.61608, 1481908619.62146, 1481908619.625723, 1481908619.62882, 1481908619.631705, 1481908619.6347, 1481908619.637501, 1481908619.640272, 1481908619.642943, 1481908619.64555, 1481908619.648235, 1481908619.651581, 1481908619.65521, 1481908619.658005, 1481908619.662768, 1481908619.667637, 1481908619.672964], "initial_reset_timestamp": 1481908609.350116, "episode_types": ["t", "t", "t", "t", "t", "t", "t", "t", "t", "t", "t", "t", "t", "t", "t", "t", "t", "t", "t", "t", "t", "t", "t", "t", "t", "t", "t", "t", "t", "t", "t", "t", "t", "t", "t", "t", "t", "t", "t", "t", "t", "t", "t", "t", "t", "t", "t", "t", "t", "t", "t", "t", "t", "t", "t", "t", "t", "t", "t", "t", "t", "t", "t", "t", "t", "t", "t", "t", "t", "t", "t", "t", "t", "t", "t", "t", "t", "t", "t", "t", "t", "t", "t", "t", "t", "t", "t", "t", "t", "t", "t", "t", "t", "t", "t", "t", "t", "t", "t", "t", "t", "t", "t", "t", "t", "t", "t", "t", "t", "t", "t", "t", "t", "t", "t", "t", "t", "t", "t", "t", "t", "t", "t", "t", "t", "t", "t", "t", "t", "t", "t", "t", "t", "t", "t", "t", "t", "t", "t", "t", "t", "t", "t", "t", "t", "t", "t", "t", "t", "t", "t", "t", "t", "t", "t", "t", "t", "t", "t", "t", "t", "t", "t", "t", "t", "t", "t", "t", "t", "t", "t", "t", "t", "t", "t", "t", "t", "t", "t", "t", "t", "t", "t", "t", "t", "t", "t", "t", "t", "t", "t", "t", "t", "t", "t", "t", "t", "t", "t", "t"], "episode_lengths": [200, 200, 200, 200, 200, 200, 200, 200, 200, 200, 200, 200, 200, 200, 200, 200, 200, 200, 200, 200, 200, 200, 200, 200, 200, 200, 200, 200, 200, 200, 200, 200, 200, 200, 200, 200, 200, 200, 200, 200, 200, 200, 200, 200, 200, 200, 200, 200, 200, 200, 200, 200, 200, 200, 200, 200, 200, 200, 200, 200, 200, 200, 200, 200, 200, 200, 200, 200, 200, 200, 200, 200, 200, 200, 200, 200, 200, 200, 200, 200, 200, 200, 200, 200, 200, 200, 200, 200, 200, 200, 200, 200, 200, 200, 200, 200, 200, 200, 200, 200], "episode_rewards": [200.0, 200.0, 200.0, 200.0, 200.0, 200.0, 200.0, 200.0, 200.0, 200.0, 200.0, 200.0, 200.0, 200.0, 200.0, 200.0, 200.0, 200.0, 200.0, 200.0, 200.0, 200.0, 200.0, 200.0, 200.0, 200.0, 200.0, 200.0, 200.0, 200.0, 200.0, 200.0, 200.0, 200.0, 200.0, 200.0, 200.0, 200.0, 200.0, 200.0, 200.0, 200.0, 200.0, 200.0, 200.0, 200.0, 200.0, 200.0, 200.0, 200.0, 200.0, 200.0, 200.0, 200.0, 200.0, 200.0, 200.0, 200.0, 200.0, 200.0, 200.0, 200.0, 200.0, 200.0, 200.0, 200.0, 200.0, 200.0, 200.0, 200.0, 200.0, 200.0, 200.0, 200.0, 200.0, 200.0, 200.0, 200.0, 200.0, 200.0, 200.0, 200.0, 200.0, 200.0, 200.0, 200.0, 200.0, 200.0, 200.0, 200.0, 200.0, 200.0, 200.0, 200.0, 200.0, 200.0, 200.0, 200.0, 200.0, 200.0]}